reg,brand
PZ300EE,KÄSSBOHRER
PZ302EE,KÄSSBOHRER
PZ573FC,KÄSSBOHRER
PZ574FC,KÄSSBOHRER
PZ739FL,KÄSSBOHRER
PZ740FL,KÄSSBOHRER
PZ097GN,KÄSSBOHRER
PZ098GN,KÄSSBOHRER
PZ305GX,SCHMITZ
PZ306GX,SCHMITZ
PZ307GX,SCHMITZ
PZ308GX,SCHMITZ
PZ309GX,SCHMITZ
PZ310GX,SCHMITZ
PZ858HX,KRONE
PZ859HX,KRONE
PZ296JG,KRONE
PZ295JG,KRONE
PZ326TS,KOGEL
PZ325TS,KOGEL
PZ062KC,KOGEL
PZ063KC,KOGEL
PZ979RJ,KOGEL
PZ980RJ,KOGEL
PZ938RR,KOGEL
PZ903RR,KOGEL
PZ904RR,KOGEL
PZ942RR,KOGEL
PZ944RR,KOGEL
PZ175RV,KOGEL
PZ173RV,KOGEL
PZ2X951,KOGEL
PZ2X950,KOGEL
PZ2X948,KOGEL
PZ2X949,KOGEL
PZ378SV,KÄSSBOHRER
PZ379SV,KÄSSBOHRER
PZ380SV,KÄSSBOHRER
PZ033TA,KÄSSBOHRER
PZ035TA,KÄSSBOHRER
PZ039TA,KÄSSBOHRER
PZ188TA,KÄSSBOHRER
PZ189TA,KÄSSBOHRER
PZ190TA,KÄSSBOHRER
PZ192TA,KÄSSBOHRER
PZ155XG,KOGEL
PZ154XG,KOGEL
PZ153XG,KOGEL
PZ156XG,KOGEL
PZ372XG,KOGEL
PZ373XG,KOGEL
PZ374XG,KOGEL
PZ375XG,KOGEL
PZ376XG,KOGEL
PZ381XG,KOGEL
PZ296YM,KOGEL
PZ297YM,KOGEL
PZ298YM,KOGEL
PZ299YM,KOGEL
PZ300YM,KOGEL
PZ172RT,KOGEL
PZ781YY,SCHMITZ
PZ782YY,SCHMITZ
PZ783YY,SCHMITZ
PZ780YY,SCHMITZ
PZ784YY,SCHMITZ
PZ785YY,SCHMITZ
PZ1X393,WIELTON
PZ1X395,WIELTON
PZ2G235,KOGEL
PZ2M833,KRONE
PZ2M834,KRONE
PZ2M835,KRONE
PZ3V087,WIELTON
PZ3V105,WIELTON
PZ3V106,WIELTON
PZ3V107,WIELTON
PZ3V241,WIELTON
PZ3V242,WIELTON
PY4624Y,WIELTON
PY4625Y,WIELTON
PY4626Y,WIELTON
PY4810Y,WIELTON
PY4811Y,WIELTON
PY4812Y,WIELTON
